{"N": 4, "e": 429, "l": 245, " ": 815, "m": 119, "z": 17, "o": 323, "d": 106, "c": 178, "a": 422, "i": 385, "n": 202, "s": 178, "t": 214, "r": 244, "v": 82, "\n": 135, "p": 120, "u": 150, ",": 76, "h": 77, "\u00e9": 8, ".": 32, "A": 7, "q": 32, "\u00e8": 10, "g": 86, "f": 47, "!": 3, "T": 5, "\u2019": 89, "\u00f9": 8, ";": 12, "b": 28, "\u00f2": 7, "I": 5, "M": 5, "\u00e0": 17, "E": 6, "\u00ec": 9, "P": 4, "Q": 4, "\u00ab": 8, "\u00bb": 8, "R": 2, ":": 4, "\u00ef": 4, "\u00f3": 1, "?": 3, "O": 3, "V": 2, "D": 2, "C": 1}